office_country,customer_country,customerNumber,sales_value
France,France,103,3138.46
France,France,103,5282.64
France,France,103,3986.84
France,France,103,2163.50
France,France,103,4128.54
France,France,103,1938.24
France,France,103,1676.14
USA,USA,112,3213.00
USA,USA,112,2441.04
USA,USA,112,4698.54
USA,USA,112,2716.56
USA,USA,112,1524.44
USA,USA,112,1374.34
USA,USA,112,1373.85
USA,USA,112,798.38
USA,USA,112,2384.32
USA,USA,112,2348.75
USA,USA,112,3733.31
USA,USA,112,4374.39
USA,USA,112,1661.06
USA,USA,112,3898.10
USA,USA,112,2461.46
USA,USA,112,2121.35
USA,USA,112,3424.03
USA,USA,112,4581.72
USA,USA,112,7041.30
USA,USA,112,3547.64
USA,USA,112,1708.00
USA,USA,112,1158.78
USA,USA,112,3405.50
USA,USA,112,3711.12
USA,USA,112,2181.00
USA,USA,112,2818.56
USA,USA,112,1931.28
USA,USA,112,2700.62
USA,USA,112,848.54
Australia,Australia,114,3449.26
Australia,Australia,114,7304.80
Australia,Australia,114,2400.91
Australia,Australia,114,2646.84
Australia,Australia,114,3865.75
Australia,Australia,114,3627.39
Australia,Australia,114,2460.24
Australia,Australia,114,2080.17
Australia,Australia,114,2087.80
Australia,Australia,114,1994.91
Australia,Australia,114,2031.54
Australia,Australia,114,4292.98
Australia,Australia,114,1962.48
Australia,Australia,114,2562.96
Australia,Australia,114,3096.00
Australia,Australia,114,2860.16
Australia,Australia,114,4704.92
Australia,Australia,114,2974.43
Australia,Australia,114,5198.67
Australia,Australia,114,9299.71
Australia,Australia,114,3176.26
Australia,Australia,114,1645.00
Australia,Australia,114,3353.92
Australia,Australia,114,2976.36
Australia,Australia,114,2315.72
Australia,Australia,114,1566.30
Australia,Australia,114,1908.90
Australia,Australia,114,1334.60
Australia,Australia,114,1681.82
Australia,Australia,114,2100.75
Australia,Australia,114,3303.10
Australia,Australia,114,2059.20
Australia,Australia,114,4755.60
Australia,Australia,114,3472.70
Australia,Australia,114,2534.84
Australia,Australia,114,5029.50
Australia,Australia,114,1909.75
Australia,Australia,114,7518.50
Australia,Australia,114,1503.32
Australia,Australia,114,4749.62
Australia,Australia,114,1193.01
Australia,Australia,114,2880.48
Australia,Australia,114,4718.28
Australia,Australia,114,5657.40
Australia,Australia,114,3590.19
Australia,Australia,114,3844.53
Australia,Australia,114,4753.14
Australia,Australia,114,973.56
Australia,Australia,114,2552.50
Australia,Australia,114,2870.49
Australia,Australia,114,4036.32
Australia,Australia,114,2060.06
Australia,Australia,114,4288.50
Australia,Australia,114,2192.58
Australia,Australia,114,5176.35
France,France,119,3660.75
France,France,119,2538.14
France,France,119,5577.48
France,France,119,2454.20
France,France,119,1927.33
France,France,119,2224.74
France,France,119,2434.50
France,France,119,1851.00
France,France,119,2378.00
France,France,119,1819.26
France,France,119,2067.70
France,France,119,1637.16
France,France,119,1525.70
France,France,119,2747.52
France,France,119,3228.03
France,France,119,4897.92
France,France,119,3096.00
France,France,119,1858.76
France,France,119,2812.32
France,France,119,3914.05
France,France,119,1890.48
France,France,119,2487.47
France,France,119,3074.27
France,France,119,3270.43
France,France,119,2052.80
France,France,119,1607.76
France,France,119,8317.80
France,France,119,7380.38
France,France,119,1541.69
France,France,119,1205.20
France,France,119,2585.59
France,France,119,3252.30
France,France,119,2633.40
France,France,119,3974.95
France,France,119,1774.78
France,France,119,3388.84
France,France,119,3210.49
France,France,119,3126.09
France,France,119,2462.00
France,France,119,3062.40
France,France,119,4996.62
France,France,119,3167.67
France,France,119,4126.08
France,France,119,4477.16
France,France,119,923.78
France,France,119,3935.40
France,France,119,4094.88
France,France,119,2956.25
France,France,119,6261.71
France,France,119,986.42
France,France,119,3435.39
France,France,119,553.52
France,France,119,1708.56
UK,Norway,121,5571.80
UK,Norway,121,5026.14
UK,Norway,121,3284.28
UK,Norway,121,3307.50
UK,Norway,121,1283.48
UK,Norway,121,2489.13
UK,Norway,121,2164.40
UK,Norway,121,2173.00
UK,Norway,121,3970.26
UK,Norway,121,3530.52
UK,Norway,121,1670.75
UK,Norway,121,3864.24
UK,Norway,121,2215.50
UK,Norway,121,2866.26
UK,Norway,121,2850.75
UK,Norway,121,3950.94
UK,Norway,121,1491.38
UK,Norway,121,3884.34
UK,Norway,121,3759.60
UK,Norway,121,2035.32
UK,Norway,121,1429.44
UK,Norway,121,4694.50
UK,Norway,121,2073.12
UK,Norway,121,5241.44
UK,Norway,121,8116.50
UK,Norway,121,3986.40
UK,Norway,121,2753.76
UK,Norway,121,5048.12
UK,Norway,121,1686.06
UK,Norway,121,1548.40
UK,Norway,121,3782.90
UK,Norway,121,2474.56
USA,USA,124,2554.44
USA,USA,124,4973.50
USA,USA,124,2163.50
USA,USA,124,1352.86
USA,USA,124,7273.14
USA,USA,124,5298.72
USA,USA,124,1742.88
USA,USA,124,3005.56
USA,USA,124,3215.52
USA,USA,124,2967.30
USA,USA,124,5864.88
USA,USA,124,2238.30
USA,USA,124,4151.52
USA,USA,124,1948.22
USA,USA,124,687.20
USA,USA,124,1405.35
USA,USA,124,6534.41
USA,USA,124,1766.40
USA,USA,124,1274.46
USA,USA,124,2755.50
USA,USA,124,3472.48
USA,USA,124,5485.92
USA,USA,124,4636.50
USA,USA,124,7720.18
USA,USA,124,6098.72
USA,USA,124,2107.60
USA,USA,124,2929.92
USA,USA,124,1916.88
USA,USA,124,3771.57
USA,USA,124,3643.15
USA,USA,124,2557.80
USA,USA,124,2362.08
USA,USA,124,2268.94
USA,USA,124,3314.44
USA,USA,124,1935.36
USA,USA,124,3472.06
USA,USA,124,1831.44
USA,USA,124,2080.50
USA,USA,124,1414.72
USA,USA,124,7031.20
USA,USA,124,2070.62
USA,USA,124,2110.40
USA,USA,124,2835.00
USA,USA,124,2848.23
USA,USA,124,3180.60
USA,USA,124,2696.76
USA,USA,124,2970.40
USA,USA,124,1242.54
USA,USA,124,1235.97
USA,USA,124,3140.64
USA,USA,124,2325.40
USA,USA,124,2429.46
USA,USA,124,4669.70
USA,USA,124,802.24
USA,USA,124,6944.00
USA,USA,124,2767.50
USA,USA,124,3455.64
USA,USA,124,2712.32
USA,USA,124,1497.44
USA,USA,124,3464.78
USA,USA,124,4914.67
USA,USA,124,1707.03
USA,USA,124,5520.48
USA,USA,124,1143.45
USA,USA,124,1974.25
USA,USA,124,1144.94
USA,USA,124,1570.80
USA,USA,124,4552.00
USA,USA,124,3085.74
USA,USA,124,7368.00
USA,USA,124,6075.00
USA,USA,124,1488.75
USA,USA,124,3386.80
USA,USA,124,2236.95
USA,USA,124,5275.24
USA,USA,124,1088.32
USA,USA,124,2420.00
USA,USA,124,1818.25
USA,USA,124,3187.84
USA,USA,124,7241.83
USA,USA,124,3834.54
USA,USA,124,4069.44
USA,USA,124,3389.28
USA,USA,124,5285.99
USA,USA,124,3194.64
USA,USA,124,4096.03
USA,USA,124,1441.59
USA,USA,124,3782.61
USA,USA,124,1856.88
USA,USA,124,4354.42
USA,USA,124,2080.88
USA,USA,124,3351.85
USA,USA,124,10286.40
USA,USA,124,3248.00
USA,USA,124,4417.82
USA,USA,124,1091.75
USA,USA,124,7017.60
USA,USA,124,1452.90
USA,USA,124,3467.97
USA,USA,124,3754.75
USA,USA,124,3373.66
USA,USA,124,1901.90
USA,USA,124,3541.60
USA,USA,124,2782.89
USA,USA,124,1726.53
USA,USA,124,1087.32
USA,USA,124,999.58
USA,USA,124,1246.51
USA,USA,124,4242.48
USA,USA,124,1085.04
USA,USA,124,3390.20
USA,USA,124,1991.20
USA,USA,124,6377.60
USA,USA,124,5844.56
USA,USA,124,5357.66
USA,USA,124,4368.00
USA,USA,124,2416.95
USA,USA,124,3738.38
USA,USA,124,2907.66
USA,USA,124,4607.68
USA,USA,124,2108.25
USA,USA,124,2949.52
USA,USA,124,2944.00
USA,USA,124,3567.79
USA,USA,124,3819.84
USA,USA,124,1863.20
USA,USA,124,1679.92
USA,USA,124,5718.72
USA,USA,124,5109.72
USA,USA,124,4011.50
USA,USA,124,1343.75
USA,USA,124,2530.20
USA,USA,124,1575.45
USA,USA,124,2682.68
USA,USA,124,2153.58
USA,USA,124,887.40
USA,USA,124,1603.20
USA,USA,124,4667.04
USA,USA,124,2854.30
USA,USA,124,5652.16
USA,USA,124,5366.48
USA,USA,124,4882.74
USA,USA,124,3299.20
USA,USA,124,4011.50
USA,USA,124,4216.50
USA,USA,124,4486.17
USA,USA,124,1805.31
USA,USA,124,2402.40
USA,USA,124,3213.87
USA,USA,124,2228.72
USA,USA,124,2761.44
USA,USA,124,3439.10
USA,USA,124,2916.71
USA,USA,124,1550.00
USA,USA,124,4229.28
USA,USA,124,4497.86
USA,USA,124,3192.38
USA,USA,124,4212.00
USA,USA,124,3023.60
USA,USA,124,6761.50
USA,USA,124,1947.24
USA,USA,124,5978.98
USA,USA,124,2375.45
USA,USA,124,1327.19
USA,USA,124,2365.78
USA,USA,124,6066.45
USA,USA,124,1988.70
USA,USA,124,1599.82
USA,USA,124,4546.35
USA,USA,124,1789.92
USA,USA,124,5138.76
USA,USA,124,4282.08
USA,USA,124,2202.24
USA,USA,124,3752.10
USA,USA,124,4937.73
USA,USA,124,2079.00
USA,USA,124,2885.63
USA,USA,124,2418.00
USA,USA,124,5847.10
USA,USA,124,1792.00
UK,Germany,128,2701.50
UK,Germany,128,4343.56
UK,Germany,128,1463.85
UK,Germany,128,2040.10
UK,Germany,128,5522.06
UK,Germany,128,7541.59
UK,Germany,128,5971.56
UK,Germany,128,1706.40
UK,Germany,128,4471.20
UK,Germany,128,2715.38
UK,Germany,128,3423.80
UK,Germany,128,2468.63
UK,Germany,128,6099.72
UK,Germany,128,3371.83
UK,Germany,128,1685.42
UK,Germany,128,2198.34
UK,Germany,128,2588.74
UK,Germany,128,3231.06
UK,Germany,128,3313.15
UK,Germany,128,1613.55
UK,Germany,128,2913.90
UK,Germany,128,4552.42
USA,USA,129,2881.89
USA,USA,129,2328.96
USA,USA,129,1486.52
USA,USA,129,4052.75
USA,USA,129,3559.53
USA,USA,129,2228.20
USA,USA,129,1810.60
USA,USA,129,2797.44
USA,USA,129,9394.28
USA,USA,129,3163.00
USA,USA,129,1453.80
USA,USA,129,3648.06
USA,USA,129,1656.75
USA,USA,129,4903.08
USA,USA,129,4014.12
USA,USA,129,3214.36
USA,USA,129,2952.13
USA,USA,129,4381.04
USA,USA,129,1014.24
USA,USA,129,3722.16
USA,USA,129,2047.65
USA,USA,131,2440.50
USA,USA,131,4128.54
USA,USA,131,4653.72
USA,USA,131,2562.00
USA,USA,131,1528.30
USA,USA,131,2423.00
USA,USA,131,2778.56
USA,USA,131,1778.00
USA,USA,131,2529.60
USA,USA,131,1698.06
USA,USA,131,4283.52
USA,USA,131,4023.60
USA,USA,131,3686.34
USA,USA,131,5898.72
USA,USA,131,2575.50
USA,USA,131,1909.46
USA,USA,131,2376.00
USA,USA,131,3256.40
USA,USA,131,2220.48
USA,USA,131,2524.20
USA,USA,131,3232.60
USA,USA,131,1230.73
USA,USA,131,1990.80
USA,USA,131,3661.06
USA,USA,131,4226.69
USA,USA,131,3093.93
USA,USA,131,5055.60
USA,USA,131,1942.00
USA,USA,131,1337.70
USA,USA,131,3065.85
USA,USA,131,2705.50
USA,USA,131,1849.15
USA,USA,131,4651.04
USA,USA,131,1742.65
USA,USA,131,3376.38
USA,USA,131,2188.40
USA,USA,131,4279.86
USA,USA,131,7498.90
USA,USA,131,3072.72
USA,USA,131,5402.24
USA,USA,131,2448.93
USA,USA,131,3997.11
USA,USA,131,1920.38
USA,USA,131,2117.36
USA,USA,131,2474.94
USA,USA,131,3144.30
USA,USA,131,2649.20
USA,USA,131,3640.95
USA,USA,131,1813.68
France,Spain,141,4468.96
France,Spain,141,4566.99
France,Spain,141,3261.60
France,Spain,141,3559.17
France,Spain,141,3816.85
France,Spain,141,4529.60
France,Spain,141,1820.70
France,Spain,141,1338.04
France,Spain,141,2767.70
France,Spain,141,1818.25
France,Spain,141,2770.95
France,Spain,141,3781.47
France,Spain,141,1705.92
France,Spain,141,4928.20
France,Spain,141,3307.47
France,Spain,141,3321.32
France,Spain,141,2328.00
France,Spain,141,3932.74
France,Spain,141,4486.22
France,Spain,141,2832.68
France,Spain,141,1860.93
France,Spain,141,3303.09
France,Spain,141,1001.43
France,Spain,141,1841.52
France,Spain,141,3107.43
France,Spain,141,4031.40
France,Spain,141,5393.64
France,Spain,141,7630.28
France,Spain,141,3895.46
France,Spain,141,2398.01
France,Spain,141,1815.00
France,Spain,141,4473.20
France,Spain,141,1652.61
France,Spain,141,2494.00
France,Spain,141,2497.05
France,Spain,141,4357.50
France,Spain,141,1708.20
France,Spain,141,2593.50
France,Spain,141,872.80
France,Spain,141,3726.72
France,Spain,141,2472.54
France,Spain,141,1776.52
France,Spain,141,3771.60
France,Spain,141,2701.20
France,Spain,141,3229.80
France,Spain,141,2231.40
France,Spain,141,2808.96
France,Spain,141,5412.52
France,Spain,141,3291.75
France,Spain,141,7559.52
France,Spain,141,2202.42
France,Spain,141,4092.16
France,Spain,141,697.83
France,Spain,141,1935.96
France,Spain,141,6600.21
France,Spain,141,3550.68
France,Spain,141,2199.36
France,Spain,141,5535.20
France,Spain,141,892.16
France,Spain,141,881.76
France,Spain,141,3892.98
France,Spain,141,3648.15
France,Spain,141,3406.92
France,Spain,141,4019.26
France,Spain,141,1293.60
France,Spain,141,5482.52
France,Spain,141,4699.20
France,Spain,141,6231.60
France,Spain,141,5213.25
France,Spain,141,2530.93
France,Spain,141,1947.15
France,Spain,141,3680.10
France,Spain,141,1270.92
France,Spain,141,2103.57
France,Spain,141,4630.36
France,Spain,141,5780.04
France,Spain,141,3986.40
France,Spain,141,970.40
France,Spain,141,6095.25
France,Spain,141,2613.90
France,Spain,141,1319.04
France,Spain,141,2490.23
France,Spain,141,3142.80
France,Spain,141,1642.29
France,Spain,141,3895.60
France,Spain,141,4578.84
France,Spain,141,5763.20
France,Spain,141,2214.08
France,Spain,141,1731.90
France,Spain,141,5242.68
France,Spain,141,2034.56
France,Spain,141,3446.36
France,Spain,141,1697.85
France,Spain,141,4624.84
France,Spain,141,1590.75
France,Spain,141,2495.68
France,Spain,141,7726.81
France,Spain,141,2615.04
France,Spain,141,2915.50
France,Spain,141,3348.32
France,Spain,141,1529.04
France,Spain,141,3024.50
France,Spain,141,4026.82
France,Spain,141,2817.12
France,Spain,141,2558.80
France,Spain,141,1753.22
France,Spain,141,3507.60
France,Spain,141,3664.32
France,Spain,141,2698.41
France,Spain,141,1749.60
France,Spain,141,2254.35
France,Spain,141,875.91
France,Spain,141,1778.92
France,Spain,141,2187.20
France,Spain,141,3740.17
France,Spain,141,5129.76
France,Spain,141,2599.08
France,Spain,141,4574.40
France,Spain,141,3608.76
France,Spain,141,4938.12
France,Spain,141,4295.04
France,Spain,141,3773.23
France,Spain,141,1674.75
France,Spain,141,1834.30
France,Spain,141,2196.00
France,Spain,141,2493.40
France,Spain,141,4999.61
France,Spain,141,2140.25
France,Spain,141,4186.92
France,Spain,141,2864.16
France,Spain,141,3624.90
France,Spain,141,5949.68
France,Spain,141,3886.39
France,Spain,141,2106.60
France,Spain,141,3342.54
France,Spain,141,2602.20
France,Spain,141,1928.75
France,Spain,141,1661.04
France,Spain,141,3229.58
France,Spain,141,2500.08
France,Spain,141,2576.00
France,Spain,141,2134.16
France,Spain,141,1991.43
France,Spain,141,2701.65
France,Spain,141,2433.00
France,Spain,141,961.00
France,Spain,141,2704.57
France,Spain,141,1869.30
France,Spain,141,3124.75
France,Spain,141,2300.10
France,Spain,141,1345.68
France,Spain,141,2667.28
France,Spain,141,4403.84
France,Spain,141,2105.04
France,Spain,141,1253.62
France,Spain,141,3755.60
France,Spain,141,6366.57
France,Spain,141,4131.12
France,Spain,141,2849.00
France,Spain,141,1988.20
France,Spain,141,4389.44
France,Spain,141,2944.25
France,Spain,141,1388.70
France,Spain,141,2467.08
France,Spain,141,5239.39
France,Spain,141,1209.24
France,Spain,141,3633.42
France,Spain,141,3396.03
France,Spain,141,1861.56
France,Spain,141,2321.46
France,Spain,141,4146.30
France,Spain,141,1468.28
France,Spain,141,6320.57
France,Spain,141,1688.40
France,Spain,141,5978.98
France,Spain,141,1254.19
France,Spain,141,2422.36
France,Spain,141,4263.60
France,Spain,141,3314.44
France,Spain,141,1432.00
France,Spain,141,6099.60
France,Spain,141,1372.95
France,Spain,141,3292.08
France,Spain,141,4295.04
France,Spain,141,1561.60
France,Spain,141,2385.72
France,Spain,141,4780.00
France,Spain,141,3295.74
France,Spain,141,2503.36
France,Spain,141,1607.76
France,Spain,141,2273.92
France,Spain,141,955.84
France,Spain,141,1016.01
France,Spain,141,2780.64
France,Spain,141,4909.08
France,Spain,141,3390.20
France,Spain,141,3094.68
France,Spain,141,1411.26
France,Spain,141,3214.35
France,Spain,141,3015.84
France,Spain,141,7322.13
France,Spain,141,2176.20
France,Spain,141,5239.44
France,Spain,141,2162.72
France,Spain,141,1157.20
France,Spain,141,1329.60
France,Spain,141,2459.10
France,Spain,141,1714.24
France,Spain,141,2460.92
France,Spain,141,2752.68
France,Spain,141,1847.56
France,Spain,141,3272.00
France,Spain,141,1525.65
France,Spain,141,2705.44
France,Spain,141,2212.76
France,Spain,141,3358.08
France,Spain,141,2217.54
France,Spain,141,1909.95
France,Spain,141,2294.36
France,Spain,141,3586.50
France,Spain,141,2467.61
France,Spain,141,3357.75
France,Spain,141,2487.14
France,Spain,141,2176.00
France,Spain,141,3741.30
France,Spain,141,2413.20
France,Spain,141,2605.68
France,Spain,141,2383.50
France,Spain,141,2254.06
France,Spain,141,2980.34
France,Spain,141,4623.15
France,Spain,141,1648.58
France,Spain,141,1626.56
France,Spain,141,3851.33
France,Spain,141,1694.88
France,Spain,141,1677.90
France,Spain,141,5439.42
France,Spain,141,6175.83
France,Spain,141,6735.68
France,Spain,141,2342.01
France,Spain,141,9449.40
France,Spain,141,995.40
France,Spain,141,7693.00
France,Spain,141,986.40
France,Spain,141,3373.42
France,Spain,141,966.34
France,Spain,141,2738.58
France,Spain,141,5242.38
France,Spain,141,5245.20
France,Spain,141,9109.52
France,Spain,141,3036.60
France,Spain,141,2115.00
France,Spain,141,3826.20
France,Spain,141,10072.00
France,Spain,141,5960.36
France,Spain,141,5859.00
France,Spain,141,1046.50
France,Spain,141,2417.36
France,Spain,141,3955.08
UK,Sweden,144,5717.64
UK,Sweden,144,1957.30
UK,Sweden,144,5730.04
UK,Sweden,144,3575.95
UK,Sweden,144,2425.92
UK,Sweden,144,3491.00
UK,Sweden,144,1576.12
UK,Sweden,144,3033.28
UK,Sweden,144,3686.50
UK,Sweden,144,4937.63
UK,Sweden,144,3556.34
UK,Sweden,144,1626.80
UK,Sweden,144,2366.13
UK,Sweden,144,3380.26
UK,Sweden,144,4968.00
UK,Sweden,144,1797.58
UK,Sweden,144,2946.60
UK,Sweden,144,4983.79
UK,Sweden,144,4937.94
France,Denmark,145,6392.00
France,Denmark,145,8434.52
France,Denmark,145,4114.52
France,Denmark,145,3004.98
France,Denmark,145,3333.74
France,Denmark,145,3094.68
France,Denmark,145,5072.71
France,Denmark,145,3232.24
France,Denmark,145,3773.50
France,Denmark,145,2214.00
France,Denmark,145,2511.69
France,Denmark,145,1882.32
France,Denmark,145,3594.24
France,Denmark,145,2184.82
France,Denmark,145,1119.25
France,Denmark,145,4521.72
France,Denmark,145,3031.08
France,Denmark,145,1468.40
France,Denmark,145,2802.35
France,Denmark,145,7058.45
France,Denmark,145,5303.32
France,Denmark,145,2532.36
France,Denmark,145,1494.02
France,Denmark,145,3178.66
France,Denmark,145,1532.07
France,Denmark,145,3863.50
France,Denmark,145,3345.30
France,Denmark,145,1871.00
France,Denmark,145,1593.60
France,Denmark,145,1366.05
France,Denmark,145,3661.02
France,Denmark,145,3086.54
France,Denmark,145,1777.85
France,Denmark,145,7598.16
France,Denmark,145,6418.56
France,Denmark,145,7621.90
France,France,146,8550.78
France,France,146,3495.44
France,France,146,4726.06
France,France,146,2180.64
France,France,146,2297.25
France,France,146,3642.24
France,France,146,1959.39
France,France,146,5510.54
France,France,146,2850.85
France,France,146,2394.99
France,France,146,2103.92
France,France,146,8124.98
France,France,146,3338.92
France,France,146,3045.20
France,France,146,2819.28
France,France,146,4646.88
France,France,146,3278.25
France,France,146,4301.15
France,France,146,1610.80
France,France,146,1739.70
France,France,146,2153.46
France,France,146,2944.80
France,France,146,2926.06
France,France,146,3520.92
France,France,146,3146.22
France,France,146,2018.10
France,France,146,2131.75
France,France,146,1554.34
France,France,146,3536.00
France,France,146,1678.04
France,France,146,5438.58
France,France,146,4257.49
France,France,146,3273.93
France,France,146,2972.62
France,France,146,2610.72
France,France,146,1143.24
France,France,146,946.08
France,France,146,3971.97
France,France,146,3371.61
France,France,146,3150.40
France,France,146,941.76
Japan,Singapore,148,6445.89
Japan,Singapore,148,6366.58
Japan,Singapore,148,6747.78
Japan,Singapore,148,3160.82
Japan,Singapore,148,1715.28
Japan,Singapore,148,2685.76
Japan,Singapore,148,1695.79
Japan,Singapore,148,4887.20
Japan,Singapore,148,1168.65
Japan,Singapore,148,2863.30
Japan,Singapore,148,4022.10
Japan,Singapore,148,2621.00
Japan,Singapore,148,8197.20
Japan,Singapore,148,2423.00
Japan,Singapore,148,4059.00
Japan,Singapore,148,3252.78
Japan,Singapore,148,4380.87
Japan,Singapore,148,1686.30
Japan,Singapore,148,2532.14
Japan,Singapore,148,5458.11
Japan,Singapore,148,1418.70
Japan,Singapore,148,3040.45
Japan,Singapore,148,1901.60
Japan,Singapore,148,7406.08
Japan,Singapore,148,4212.26
Japan,Singapore,148,4111.02
Japan,Singapore,148,5232.96
Japan,Singapore,148,3893.54
Japan,Singapore,148,5532.88
Japan,Singapore,148,1883.87
Japan,Singapore,148,7242.70
Japan,Singapore,148,4235.50
Japan,Singapore,148,3458.28
Japan,Singapore,148,1170.50
Japan,Singapore,148,3762.24
Japan,Singapore,148,840.24
Japan,Singapore,148,2554.80
Japan,Singapore,148,2441.28
Japan,Singapore,148,2433.20
Japan,Singapore,148,5111.52
Japan,Singapore,148,1869.98
Japan,Singapore,148,2611.84
Japan,Singapore,148,3516.04
USA,USA,151,8889.50
USA,USA,151,6463.00
USA,USA,151,7121.52
USA,USA,151,2417.52
USA,USA,151,6336.45
USA,USA,151,5136.30
USA,USA,151,3278.44
USA,USA,151,3159.75
USA,USA,151,1017.20
USA,USA,151,1337.70
USA,USA,151,2152.60
USA,USA,151,2093.85
USA,USA,151,1766.10
USA,USA,151,5111.52
USA,USA,151,2559.90
USA,USA,151,4815.30
USA,USA,151,4529.60
USA,USA,151,5049.00
USA,USA,151,5081.36
USA,USA,151,1364.59
USA,USA,151,3107.00
USA,USA,151,2886.84
USA,USA,151,4648.00
USA,USA,151,2428.75
USA,USA,151,3142.80
USA,USA,151,1396.40
USA,USA,151,2105.55
USA,USA,151,3715.82
USA,USA,151,4735.08
USA,USA,151,3390.00
USA,USA,151,5037.12
USA,USA,151,1360.32
USA,USA,151,2565.72
USA,USA,151,2880.80
USA,USA,151,2900.54
USA,USA,151,4039.85
USA,USA,151,3691.60
USA,USA,151,4235.93
USA,USA,151,4318.60
USA,USA,151,5517.60
USA,USA,151,5413.10
USA,USA,151,4477.16
USA,USA,151,7884.48
USA,USA,151,4785.50
USA,USA,151,2413.92
USA,USA,151,1132.92
USA,USA,151,2557.14
USA,USA,151,1464.21
USA,USA,157,6545.70
USA,USA,157,3345.03
USA,USA,157,5803.20
USA,USA,157,3159.75
USA,USA,157,2544.75
USA,USA,157,2317.27
USA,USA,157,5850.68
USA,USA,157,3177.50
USA,USA,157,4032.76
USA,USA,157,5478.72
USA,USA,157,1639.08
USA,USA,157,3386.75
USA,USA,157,2421.50
USA,USA,157,1881.44
USA,USA,157,2811.50
USA,USA,157,679.00
USA,USA,157,2346.10
USA,USA,157,1392.21
USA,USA,157,2140.92
USA,USA,157,2403.27
USA,USA,157,3874.12
USA,USA,157,4603.05
USA,USA,157,7022.23
USA,USA,157,2540.45
USA,USA,157,2086.14
USA,USA,157,4489.92
USA,USA,157,1584.44
USA,USA,157,3849.77
USA,USA,157,5102.00
USA,USA,157,4663.44
USA,USA,157,1186.00
USA,USA,161,6898.28
USA,USA,161,3418.74
USA,USA,161,4518.20
USA,USA,161,3061.44
USA,USA,161,2348.30
USA,USA,161,4020.00
USA,USA,161,1167.25
USA,USA,161,5585.48
USA,USA,161,2278.64
USA,USA,161,1737.40
USA,USA,161,3641.40
USA,USA,161,3410.64
USA,USA,161,2633.31
USA,USA,161,3214.80
USA,USA,161,1578.99
USA,USA,161,2256.76
USA,USA,161,5184.00
USA,USA,161,4557.49
USA,USA,161,2098.44
USA,USA,161,1547.64
USA,USA,161,3268.80
USA,USA,161,2517.20
USA,USA,161,1791.18
USA,USA,161,1906.08
USA,USA,161,2557.52
USA,USA,161,2720.25
USA,USA,161,3417.12
USA,USA,161,3456.00
USA,USA,161,2627.43
USA,USA,161,2434.25
USA,USA,161,4004.88
USA,USA,161,2882.88
USA,USA,161,1239.93
USA,USA,161,4564.50
Australia,Singapore,166,6382.56
Australia,Singapore,166,2041.90
Australia,Singapore,166,4509.08
Australia,Singapore,166,2898.28
Australia,Singapore,166,1658.37
Australia,Singapore,166,2193.36
Australia,Singapore,166,2790.62
Australia,Singapore,166,3149.90
Australia,Singapore,166,5396.72
Australia,Singapore,166,4027.80
Australia,Singapore,166,4089.52
Australia,Singapore,166,1786.50
Australia,Singapore,166,4115.07
Australia,Singapore,166,4418.16
Australia,Singapore,166,1310.96
Australia,Singapore,166,5705.80
Australia,Singapore,166,975.57
Australia,Singapore,166,4290.75
Australia,Singapore,166,1839.60
Australia,Singapore,166,3054.57
Australia,Singapore,166,2414.20
Australia,Singapore,166,5385.60
Australia,Singapore,166,1407.00
Australia,Singapore,166,3192.38
Australia,Singapore,166,3156.65
Australia,Singapore,166,1311.46
Australia,Singapore,166,2407.68
Australia,Singapore,166,2465.00
Australia,Singapore,166,933.51
Australia,Singapore,166,2862.30
Australia,Singapore,166,5242.56
Australia,Singapore,166,2590.46
Australia,Singapore,166,4170.93
Australia,Singapore,166,1245.75
Australia,Singapore,166,625.50
Australia,Singapore,166,1700.68
UK,"Norway  ",167,4202.82
UK,"Norway  ",167,3189.76
UK,"Norway  ",167,1340.60
UK,"Norway  ",167,3855.60
UK,"Norway  ",167,5480.64
UK,"Norway  ",167,5226.48
UK,"Norway  ",167,1643.18
UK,"Norway  ",167,2718.45
UK,"Norway  ",167,3528.36
UK,"Norway  ",167,6629.85
UK,"Norway  ",167,2195.10
UK,"Norway  ",167,2651.66
UK,"Norway  ",167,5344.56
UK,"Norway  ",167,1539.52
UK,"Norway  ",167,1215.45
UK,"Norway  ",167,1253.27
UK,"Norway  ",167,3054.25
UK,"Norway  ",167,4593.60
UK,"Norway  ",167,4248.40
UK,"Norway  ",167,8191.80
UK,"Norway  ",167,1666.88
UK,"Norway  ",167,2395.00
UK,"Norway  ",167,2468.00
UK,"Norway  ",167,3604.04
UK,"Norway  ",167,2787.19
UK,"Norway  ",167,3513.86
UK,"Norway  ",167,1074.00
UK,"Norway  ",167,6095.25
UK,"Norway  ",167,1854.90
France,France,171,2220.24
France,France,171,4196.22
France,France,171,6749.01
France,France,171,5241.60
France,France,171,1211.50
France,France,171,1240.26
France,France,171,6481.64
France,France,171,4706.40
France,France,171,1727.60
France,France,171,2133.25
France,France,171,1923.88
France,France,171,1135.26
France,France,171,2245.10
France,France,171,1571.85
France,France,171,6087.94
France,France,171,2173.60
France,France,171,2229.62
France,France,171,1591.43
France,France,171,2847.30
France,France,171,4068.00
France,France,172,3984.43
France,France,172,4164.42
France,France,172,2406.60
France,France,172,8128.32
France,France,172,4318.94
France,France,172,2146.83
France,France,172,687.36
France,France,172,2835.52
France,France,172,1227.24
France,France,172,3483.48
France,France,172,1960.80
France,France,172,5828.79
France,France,172,4188.03
France,France,172,6952.12
France,France,172,3647.62
France,France,172,7541.59
France,France,172,6490.56
France,France,172,2117.64
France,France,172,2236.95
France,France,172,3520.05
France,France,172,1829.93
France,France,172,2529.08
France,France,172,4327.22
USA,USA,173,6214.70
USA,USA,173,3210.88
USA,USA,173,2431.44
USA,USA,173,2585.70
USA,USA,173,3116.43
USA,USA,173,2796.09
USA,USA,173,4090.78
USA,USA,173,1096.20
USA,USA,173,1643.75
USA,USA,173,3439.60
USA,USA,173,1573.12
USA,USA,175,4599.42
USA,USA,175,4581.72
USA,USA,175,6713.76
USA,USA,175,1952.00
USA,USA,175,1471.18
USA,USA,175,1759.34
USA,USA,175,1869.84
USA,USA,175,1931.82
USA,USA,175,3026.00
USA,USA,175,4282.00
USA,USA,175,7940.06
USA,USA,175,5928.48
USA,USA,175,2230.14
USA,USA,175,1709.18
USA,USA,175,4591.44
USA,USA,175,2480.11
USA,USA,175,1425.84
USA,USA,175,2910.90
USA,USA,175,5520.62
USA,USA,175,7256.52
USA,USA,175,6816.88
USA,USA,175,3806.44
USA,USA,175,6544.93
USA,USA,175,1357.20
USA,USA,175,2718.81
Japan,Japan,177,2598.77
Japan,Japan,177,6452.86
Japan,Japan,177,4399.52
Japan,Japan,177,3421.50
Japan,Japan,177,2059.20
Japan,Japan,177,2718.09
Japan,Japan,177,1896.60
Japan,Japan,177,1642.56
Japan,Japan,177,2724.00
Japan,Japan,177,3905.86
Japan,Japan,177,2226.90
Japan,Japan,177,1857.60
Japan,Japan,177,1841.49
Japan,Japan,177,2437.24
Japan,Japan,177,2462.00
Japan,Japan,177,1984.00
Japan,Japan,177,2549.40
Japan,Japan,177,5164.77
Japan,Japan,177,5052.72
Japan,Japan,177,4966.14
USA,USA,181,3726.45
USA,USA,181,1768.33
USA,USA,181,2113.01
USA,USA,181,6193.20
USA,USA,181,4144.96
USA,USA,181,1293.24
USA,USA,181,2186.40
USA,USA,181,1620.58
USA,USA,181,910.00
USA,USA,181,2562.57
USA,USA,181,1578.40
USA,USA,181,3997.62
USA,USA,181,2618.98
USA,USA,181,6695.15
USA,USA,181,3483.15
USA,USA,181,3703.59
USA,USA,181,5911.36
USA,USA,181,1892.78
USA,USA,181,1242.75
USA,USA,181,3327.54
USA,USA,181,880.50
USA,USA,181,3149.52
USA,USA,181,1829.80
USA,USA,181,2916.48
USA,USA,181,2751.28
UK,Finland,186,4134.40
UK,Finland,186,5273.26
UK,Finland,186,3671.36
UK,Finland,186,3070.23
UK,Finland,186,1433.82
UK,Finland,186,1922.70
UK,Finland,186,2823.47
UK,Finland,186,2582.36
UK,Finland,186,2867.52
UK,Finland,186,1755.00
UK,Finland,186,3302.40
UK,Finland,186,3094.52
UK,Finland,186,1671.44
UK,Finland,186,1760.88
UK,Finland,186,4773.69
UK,Finland,186,2964.24
UK,Finland,186,2424.63
UK,Finland,186,5832.96
UK,Finland,186,5032.29
UK,Finland,186,1942.71
UK,Finland,186,2121.28
UK,Finland,186,869.04
UK,Finland,186,3218.60
UK,Finland,186,3400.76
UK,Finland,186,1570.56
UK,Finland,186,5643.00
UK,Finland,186,4359.60
UK,Finland,186,1909.60
UK,Finland,186,4506.48
UK,Finland,186,5613.66
UK,UK,187,4374.14
UK,UK,187,6426.00
UK,UK,187,1646.72
UK,UK,187,3817.77
UK,UK,187,5074.39
UK,UK,187,2293.48
UK,UK,187,2604.00
UK,UK,187,2592.72
UK,UK,187,1254.83
UK,UK,187,577.60
UK,UK,187,1590.03
UK,UK,187,3555.67
UK,UK,187,5186.04
UK,UK,187,2172.69
UK,UK,187,3565.69
UK,UK,187,1693.92
UK,UK,187,5668.66
UK,UK,187,4931.36
UK,UK,187,2906.80
UK,UK,187,3671.68
UK,UK,187,3348.00
UK,UK,187,2906.97
UK,UK,187,3320.46
UK,UK,187,3171.73
UK,UK,187,2359.72
UK,UK,187,2772.88
UK,UK,187,1752.70
UK,UK,187,3067.00
UK,UK,187,2797.56
UK,UK,187,2672.88
UK,UK,187,3173.44
UK,UK,187,2621.70
UK,UK,187,1681.75
UK,UK,187,4111.48
UK,UK,187,1382.67
UK,UK,187,2047.44
UK,UK,187,4093.60
UK,UK,187,3321.12
UK,UK,187,1380.34
UK,UK,187,4021.20
UK,UK,187,4601.50
UK,UK,187,1481.76
UK,UK,187,1419.79
UK,UK,187,945.80
UK,UK,187,1344.15
UK,UK,187,1118.26
UK,UK,187,3295.89
UK,UK,187,4753.76
UK,UK,187,3505.95
UK,UK,187,2921.13
UK,UK,187,1413.27
UK,Ireland,189,6051.20
UK,Ireland,189,4532.40
UK,Ireland,189,4484.70
UK,Ireland,189,6319.50
UK,Ireland,189,1262.30
UK,Ireland,189,3763.64
UK,Ireland,189,994.20
UK,Ireland,189,3426.20
UK,Ireland,189,1704.60
UK,Ireland,189,2048.75
UK,Ireland,189,3431.36
UK,Ireland,189,2242.56
UK,Ireland,189,1649.79
UK,Ireland,189,2311.40
UK,Ireland,189,1772.12
UK,Ireland,189,3903.55
USA,USA,198,2752.80
USA,USA,198,3284.16
USA,USA,198,2089.36
USA,USA,198,3769.20
USA,USA,198,1727.99
USA,USA,198,4299.75
USA,USA,198,1368.18
USA,USA,198,2262.82
UK,UK,201,3782.40
UK,UK,201,2247.74
UK,UK,201,1675.75
UK,UK,201,4485.40
UK,UK,201,3385.72
UK,UK,201,2478.96
UK,UK,201,1558.48
UK,UK,201,4318.71
UK,UK,201,4249.08
UK,UK,201,5825.20
UK,UK,201,4335.97
UK,UK,201,1389.60
UK,UK,201,1219.68
UK,UK,201,4490.85
UK,UK,201,7163.80
UK,UK,201,3147.54
UK,UK,201,1622.88
UK,UK,201,3695.58
UK,UK,201,4703.40
UK,UK,201,3575.04
UK,UK,201,2044.08
UK,UK,201,11503.14
UK,UK,201,8052.00
UK,UK,201,1991.88
UK,UK,201,5028.72
UK,UK,201,1552.23
UK,UK,201,1074.00
UK,UK,201,3995.10
UK,UK,201,2017.79
USA,Canada,202,9568.73
USA,Canada,202,3061.52
USA,Canada,202,3927.00
USA,Canada,202,3635.99
USA,Canada,202,1451.52
USA,Canada,202,3078.90
USA,Canada,202,2777.88
USA,Canada,202,961.38
USA,Canada,202,3149.52
USA,Canada,202,1977.84
USA,Canada,202,2937.33
USA,Canada,202,5673.20
USA,Canada,202,2755.20
USA,Canada,202,3167.67
USA,Canada,202,1797.58
USA,Canada,202,3598.50
USA,Canada,202,3085.04
USA,Canada,202,4293.66
USA,Canada,202,2600.37
USA,Canada,202,1850.60
USA,Canada,202,1890.06
USA,Canada,202,2882.70
USA,USA,204,9242.00
USA,USA,204,6476.66
USA,USA,204,4912.44
USA,USA,204,2577.54
USA,USA,204,2964.00
USA,USA,204,4189.20
USA,USA,204,1805.43
USA,USA,204,5785.44
USA,USA,204,2835.44
USA,USA,204,1163.40
USA,USA,204,3220.80
USA,USA,204,955.80
USA,USA,204,3606.58
USA,USA,204,1418.13
USA,USA,204,4424.40
USA,USA,205,3445.20
USA,USA,205,3872.79
USA,USA,205,5112.69
USA,USA,205,7158.90
USA,USA,205,2154.30
USA,USA,205,1581.00
USA,USA,205,4458.24
USA,USA,205,3501.60
USA,USA,205,3007.06
USA,USA,205,1514.70
USA,USA,205,2367.09
USA,USA,205,3296.37
USA,USA,205,1222.33
USA,USA,205,2590.11
USA,USA,205,2782.36
USA,USA,205,2278.00
USA,USA,205,3879.96
USA,USA,205,5182.73
USA,USA,205,5346.50
USA,USA,205,2261.25
USA,USA,205,3363.93
USA,USA,205,4481.92
USA,USA,205,6043.94
USA,USA,205,3324.33
USA,USA,205,2947.56
USA,USA,205,1527.96
USA,USA,205,1911.78
USA,USA,205,679.42
USA,USA,205,1204.28
USA,USA,205,1305.00
France,France,209,2508.66
France,France,209,6273.00
France,France,209,1838.10
France,France,209,5575.68
France,France,209,3247.02
France,France,209,1881.60
France,France,209,1584.44
France,France,209,993.09
France,France,209,4185.35
France,France,209,3288.32
France,France,209,1802.84
France,France,209,2891.16
France,France,209,3240.00
France,France,209,1392.31
France,France,209,11170.52
France,France,209,4415.18
France,France,209,8103.15
France,France,209,1756.86
France,France,209,9712.04
Japan,"Hong Kong",211,3155.40
Japan,"Hong Kong",211,4429.34
Japan,"Hong Kong",211,2406.28
Japan,"Hong Kong",211,2127.84
Japan,"Hong Kong",211,1897.82
Japan,"Hong Kong",211,1628.11
Japan,"Hong Kong",211,2888.30
Japan,"Hong Kong",211,4212.12
Japan,"Hong Kong",211,2448.00
Japan,"Hong Kong",211,3094.52
Japan,"Hong Kong",211,2081.52
Japan,"Hong Kong",211,3285.81
Japan,"Hong Kong",211,2740.92
Japan,"Hong Kong",211,2831.85
Japan,"Hong Kong",211,1764.45
Japan,"Hong Kong",211,4488.51
France,Spain,216,3101.40
France,Spain,216,5324.40
France,Spain,216,3838.24
France,Spain,216,1886.50
France,Spain,216,3949.50
France,Spain,216,4484.17
France,Spain,216,3910.40
France,Spain,216,1494.46
France,Spain,216,1380.00
France,Spain,216,1890.00
France,Spain,216,3325.00
France,Spain,216,2704.59
France,Spain,216,3093.65
France,Spain,216,1152.17
France,Spain,216,2040.78
France,Spain,216,3435.30
France,Spain,216,2550.40
France,Spain,216,5273.95
France,Spain,216,2628.99
France,Spain,216,1483.60
France,Spain,216,2219.70
France,Spain,216,4497.35
France,Spain,216,2855.92
USA,USA,219,2332.13
USA,USA,219,2133.72
USA,USA,219,3452.75
France,Denmark,227,3408.16
France,Denmark,227,4387.72
France,Denmark,227,6691.68
France,Denmark,227,2884.20
France,Denmark,227,4780.80
France,Denmark,227,1568.00
France,Denmark,227,2719.13
France,Denmark,227,1087.67
France,Denmark,227,1653.80
France,Denmark,227,2701.00
France,Denmark,227,1455.40
France,Denmark,227,2826.90
France,Denmark,227,6711.94
France,Denmark,227,5768.40
France,Denmark,227,6104.16
France,Denmark,227,4319.55
France,Denmark,227,5707.80
France,Denmark,227,2595.20
France,Denmark,227,1948.33
France,Denmark,227,3748.54
France,Denmark,227,2263.36
France,Denmark,227,1240.98
France,Denmark,227,4224.84
France,Denmark,227,2044.35
France,Denmark,227,3241.00
France,Denmark,227,1914.44
France,Denmark,227,1912.45
USA,Canada,233,4706.10
USA,Canada,233,4481.05
USA,Canada,233,6472.05
USA,Canada,233,1250.64
USA,Canada,233,3157.92
USA,Canada,233,1615.00
USA,Canada,233,3804.84
USA,Canada,233,1752.52
USA,Canada,233,2176.00
USA,Canada,233,2576.20
USA,Canada,233,2228.75
USA,Canada,233,4419.50
USA,Canada,233,1266.72
USA,Canada,233,4731.79
USA,Canada,233,3909.33
USA,Canada,233,4428.00
USA,Canada,233,2961.09
USA,Canada,233,4901.30
USA,Canada,233,1443.75
USA,Canada,233,2028.26
USA,Canada,233,1640.52
USA,Canada,233,3026.34
USA,USA,239,6530.72
USA,USA,239,6722.31
USA,USA,239,3877.86
USA,USA,239,4001.85
USA,USA,239,1819.52
USA,USA,239,3494.45
USA,USA,239,2629.45
USA,USA,239,3587.54
USA,USA,239,2652.96
USA,USA,239,1818.77
USA,USA,239,2094.56
USA,USA,239,3357.75
USA,USA,239,2498.04
USA,USA,239,3197.32
USA,USA,239,2524.33
USA,USA,239,2865.09
USA,USA,239,1400.89
USA,USA,239,1749.24
USA,USA,239,4113.88
USA,USA,239,3106.80
USA,USA,239,3009.60
USA,USA,239,5653.86
USA,USA,239,1373.61
USA,USA,239,1720.44
USA,USA,239,4574.40
UK,UK,240,2944.92
UK,UK,240,4694.88
UK,UK,240,1796.76
UK,UK,240,5200.76
UK,UK,240,2206.88
UK,UK,240,4135.20
UK,UK,240,2850.05
UK,UK,240,1166.16
UK,UK,240,4173.84
UK,UK,240,3789.18
UK,UK,240,1517.46
UK,UK,240,4229.53
UK,UK,240,2325.25
UK,UK,240,2282.76
UK,UK,240,2595.81
UK,UK,240,1928.75
UK,UK,240,2026.80
UK,UK,240,1419.84
UK,UK,240,1246.44
UK,UK,240,2546.60
UK,UK,240,3299.40
UK,UK,240,1972.48
UK,UK,240,3226.56
UK,UK,240,3724.80
UK,UK,240,2996.84
UK,UK,240,1485.80
France,France,242,2937.00
France,France,242,4352.76
France,France,242,6942.94
France,France,242,3166.08
France,France,242,5364.66
France,France,242,2892.14
France,France,242,5030.88
France,France,242,2305.88
France,France,242,1775.25
France,France,242,1444.17
France,France,242,1924.50
France,France,242,2954.60
France,France,242,2018.28
France,France,242,3064.95
France,France,242,1876.95
France,France,242,2217.28
France,France,242,1383.36
France,France,242,4135.20
France,France,242,2895.84
France,France,242,1800.64
France,Italy,249,6994.82
France,Italy,249,2352.00
France,Italy,249,4366.50
France,Italy,249,1280.88
France,Italy,249,4199.00
France,Italy,249,1332.00
France,Italy,249,4045.21
France,Italy,249,3489.86
France,Italy,249,3774.76
France,Italy,249,2336.62
France,Italy,249,2976.27
France,Italy,249,3373.14
France,Italy,249,2705.85
France,Italy,249,597.40
France,Italy,249,1633.05
France,Italy,249,1164.57
France,Italy,249,1677.06
France,Italy,249,8602.92
France,Italy,249,3118.32
France,Italy,249,7708.05
France,Italy,249,2655.36
France,Italy,249,2018.72
France,Italy,249,3569.65
France,Italy,249,2348.43
France,Italy,249,2260.55
France,Italy,249,1642.24
France,France,250,3727.72
France,France,250,3147.12
France,France,250,5823.35
France,France,250,2620.80
France,France,250,1544.40
France,France,250,3313.45
France,France,250,3242.63
France,France,250,5173.33
France,France,250,4109.50
France,France,250,984.50
France,France,250,3533.49
France,France,250,3096.91
France,France,250,4758.90
France,France,250,1529.28
France,France,250,1094.86
France,France,250,2030.86
France,France,250,4003.84
France,France,250,6788.76
France,France,250,4525.94
France,France,250,2609.55
France,France,256,5759.42
France,France,256,9467.68
France,France,256,4584.06
France,France,256,4883.82
France,France,256,3535.35
France,France,256,1735.30
France,France,256,2471.52
France,France,256,2835.00
France,France,256,4520.42
France,France,256,1304.16
France,France,256,2341.56
France,France,256,3619.12
France,France,256,1505.18
France,France,256,671.83
France,France,256,1852.84
France,France,256,2667.39
France,France,256,1884.96
France,France,256,3236.80
UK,Germany,259,3268.86
UK,Germany,259,4180.80
UK,Germany,259,2106.60
UK,Germany,259,2721.24
UK,Germany,259,2738.38
UK,Germany,259,2619.99
UK,Germany,259,4380.80
UK,Germany,259,2556.96
UK,Germany,259,3414.84
UK,Germany,259,5457.54
UK,Germany,259,2536.80
UK,Germany,259,3793.09
UK,Germany,259,2533.50
UK,Germany,259,4765.60
UK,Germany,259,1339.80
UK,Germany,259,3106.80
UK,Germany,259,7640.64
UK,Germany,259,1910.52
UK,Germany,259,5978.00
UK,Germany,259,2480.52
UK,Germany,259,5356.80
UK,Germany,259,1096.59
UK,Germany,259,1907.98
UK,Germany,259,6256.35
UK,Germany,259,3683.82
UK,Germany,259,1390.32
USA,Canada,260,1966.80
USA,Canada,260,2063.56
USA,Canada,260,1823.91
USA,Canada,260,2521.20
USA,Canada,260,3726.90
USA,Canada,260,2268.82
USA,Canada,260,1520.69
USA,Canada,260,2215.00
USA,Canada,260,3524.12
USA,Canada,260,2907.00
USA,Canada,260,2355.20
USA,Canada,260,2391.22
USA,Canada,260,3264.00
USA,Canada,260,1643.88
USA,Canada,260,4626.68
USA,Canada,260,2446.98
USA,Canada,260,4180.68
USA,Canada,260,2738.36
USA,Canada,260,2545.95
USA,Canada,260,2790.00
USA,Canada,260,1484.60
USA,Canada,260,3227.49
USA,Canada,260,1939.30
USA,Canada,260,3245.58
USA,Canada,260,1772.46
USA,Canada,260,1621.62
Australia,Australia,276,2636.95
Australia,Australia,276,5088.22
Australia,Australia,276,3414.00
Australia,Australia,276,3065.04
Australia,Australia,276,4606.08
Australia,Australia,276,3797.64
Australia,Australia,276,2847.50
Australia,Australia,276,1922.12
Australia,Australia,276,1635.25
Australia,Australia,276,2175.63
Australia,Australia,276,1622.04
Australia,Australia,276,3913.06
Australia,Australia,276,2229.21
Australia,Australia,276,2601.99
Australia,Australia,276,4903.20
Australia,Australia,276,4428.20
Australia,Australia,276,2585.52
Australia,Australia,276,2084.16
Australia,Australia,276,4921.20
Australia,Australia,276,2007.92
Australia,Australia,276,3977.49
Australia,Australia,276,2526.62
Australia,Australia,276,1811.18
Australia,Australia,276,1862.64
Australia,Australia,276,962.26
Australia,Australia,276,2845.12
Australia,Australia,276,3631.68
Australia,Australia,276,4498.55
Australia,Australia,276,6295.03
Australia,Australia,276,2709.18
Australia,Australia,276,2241.14
Australia,Australia,276,1323.52
Australia,Australia,276,4526.55
Australia,Australia,276,3054.86
Australia,Australia,276,835.20
Australia,Australia,276,1599.75
Australia,Australia,276,4680.24
Australia,Australia,276,4482.55
Australia,Australia,276,4317.30
Australia,Australia,276,3315.86
Australia,Australia,276,3595.90
Australia,Australia,276,1992.48
Australia,Australia,276,2540.12
Australia,Australia,276,3176.96
Australia,Australia,276,876.15
Australia,Australia,276,870.96
France,Italy,278,4825.44
France,Italy,278,2757.40
France,Italy,278,3315.26
France,Italy,278,3863.02
France,Italy,278,3002.44
France,Italy,278,3222.73
France,Italy,278,1732.59
France,Italy,278,2798.00
France,Italy,278,1846.00
France,Italy,278,2156.55
France,Italy,278,1395.42
France,Italy,278,2831.54
France,Italy,278,2552.70
France,Italy,278,3390.48
France,Italy,278,3644.80
France,Italy,278,3344.00
France,Italy,278,3375.84
France,Italy,278,2097.60
France,Italy,278,4373.53
France,Italy,278,2484.00
France,Italy,278,4039.20
France,Italy,278,1432.34
France,Italy,278,3941.03
France,Italy,278,3081.32
France,Italy,278,1591.52
France,Italy,278,2694.52
France,Italy,278,2618.12
France,Italy,278,1623.51
France,Italy,278,2279.16
France,Italy,278,925.97
France,Italy,278,1064.34
France,Italy,278,2268.95
France,Italy,278,1249.50
France,Italy,278,2056.78
France,Italy,278,3563.54
France,Italy,278,4114.38
France,Italy,278,3255.36
France,Italy,278,1131.00
France,Italy,278,1958.60
France,Italy,278,2990.65
France,Italy,278,1370.40
France,Italy,278,1439.22
France,Italy,278,2268.81
France,Italy,278,3080.33
France,Italy,278,3542.01
France,Italy,278,3876.18
France,Italy,278,2349.60
France,Italy,278,2714.01
Australia,Australia,282,2770.78
Australia,Australia,282,2588.67
Australia,Australia,282,6227.08
Australia,Australia,282,4194.28
Australia,Australia,282,1049.40
Australia,Australia,282,2031.60
Australia,Australia,282,2440.50
Australia,Australia,282,2711.21
Australia,Australia,282,3600.24
Australia,Australia,282,3971.20
Australia,Australia,282,3788.40
Australia,Australia,282,4063.50
Australia,Australia,282,2512.55
Australia,Australia,282,3263.06
Australia,Australia,282,4094.88
Australia,Australia,282,1771.00
Australia,Australia,282,2989.44
Australia,Australia,282,1099.56
Australia,Australia,282,4652.90
Australia,Australia,282,1856.60
Australia,Australia,282,2968.68
Australia,Australia,282,2123.64
Australia,Australia,282,1596.92
Australia,Australia,282,1720.75
Australia,Australia,282,2764.09
Australia,Australia,282,1180.74
Australia,Australia,282,1772.00
Australia,Australia,282,2063.76
Australia,Australia,282,2385.24
Australia,Australia,282,4750.68
Australia,Australia,282,3379.20
Australia,Australia,282,2176.65
Australia,Australia,282,1096.41
Australia,Australia,282,5661.00
Australia,Australia,282,1874.16
Australia,Australia,282,5263.20
Australia,Australia,282,4858.92
Australia,Australia,282,2463.12
Australia,Australia,282,3615.60
Australia,Australia,282,1805.60
Australia,Australia,282,1448.55
Australia,Australia,282,2976.87
Australia,Australia,282,6329.95
Australia,Australia,282,2696.75
Australia,Australia,282,2728.44
Australia,Australia,282,529.35
USA,USA,286,3445.20
USA,USA,286,5198.67
USA,USA,286,4496.85
USA,USA,286,6420.96
USA,USA,286,1017.60
USA,USA,286,3103.86
USA,USA,286,2406.30
USA,USA,286,2447.58
USA,USA,286,3067.67
USA,USA,286,1354.57
USA,USA,286,2600.26
USA,USA,286,2982.72
USA,USA,286,4591.80
USA,USA,286,4940.38
USA,USA,286,4097.92
USA,USA,286,3580.74
USA,USA,286,4241.52
USA,USA,286,2416.95
USA,USA,286,5952.19
USA,USA,286,2477.20
USA,USA,286,2184.75
USA,USA,286,2576.16
USA,USA,286,1476.48
USA,USA,286,4258.08
USA,USA,286,2642.64
USA,USA,286,1948.00
USA,USA,286,4618.32
France,Switzerland,298,4255.20
France,Switzerland,298,2525.00
France,Switzerland,298,2391.68
France,Switzerland,298,2103.99
France,Switzerland,298,3713.92
France,Switzerland,298,3365.67
France,Switzerland,298,6990.51
France,Switzerland,298,2588.52
France,Switzerland,298,3214.62
France,Switzerland,298,4739.35
France,Switzerland,298,1459.08
France,Switzerland,298,1234.32
France,Switzerland,298,5224.00
France,Switzerland,298,3570.06
France,Switzerland,298,4004.28
France,Switzerland,298,5284.80
France,Switzerland,298,3042.61
France,Switzerland,298,2463.30
France,Switzerland,298,4642.43
France,Switzerland,298,2710.40
France,Switzerland,298,2970.24
France,Switzerland,298,5052.96
France,Switzerland,298,4938.12
France,Switzerland,298,2939.05
France,Switzerland,298,5115.20
France,Switzerland,298,3776.49
France,Switzerland,298,4047.36
France,Switzerland,298,1128.24
France,Switzerland,298,1163.40
France,Switzerland,298,4954.32
France,Switzerland,298,3168.80
UK,"Norway  ",299,6173.55
UK,"Norway  ",299,2121.33
UK,"Norway  ",299,2238.72
UK,"Norway  ",299,1952.40
UK,"Norway  ",299,2333.37
UK,"Norway  ",299,1375.71
UK,"Norway  ",299,1399.65
UK,"Norway  ",299,3027.00
UK,"Norway  ",299,1180.74
UK,"Norway  ",299,2104.56
UK,"Norway  ",299,4307.85
UK,"Norway  ",299,1700.00
UK,"Norway  ",299,2345.28
UK,"Norway  ",299,4242.05
UK,"Norway  ",299,3783.04
UK,"Norway  ",299,5616.03
UK,"Norway  ",299,2497.44
UK,"Norway  ",299,3115.81
UK,"Norway  ",299,5344.56
UK,"Norway  ",299,1746.09
UK,"Norway  ",299,896.50
UK,"Norway  ",299,1540.80
UK,"Norway  ",299,1908.06
UK,"Norway  ",299,6108.50
UK,Finland,311,2758.80
UK,Finland,311,6547.61
UK,Finland,311,5232.22
UK,Finland,311,2275.26
UK,Finland,311,3520.65
UK,Finland,311,4615.80
UK,Finland,311,880.50
UK,Finland,311,2288.25
UK,Finland,311,1774.89
UK,Finland,311,2829.06
UK,Finland,311,2103.99
UK,Finland,311,3223.22
UK,Finland,311,6367.09
UK,Finland,311,649.40
UK,Finland,311,3868.89
UK,Finland,311,4614.48
UK,Finland,311,4018.00
UK,Finland,311,1665.40
UK,Finland,311,4976.00
UK,Finland,311,2238.96
UK,Finland,311,2716.23
UK,Finland,311,2480.32
UK,Finland,311,1928.78
UK,Finland,311,2421.90
UK,Finland,311,2552.00
UK,Finland,311,2462.08
UK,Finland,311,2844.99
UK,Finland,311,3201.44
UK,Finland,311,3086.54
UK,Finland,311,3064.95
UK,Finland,311,1105.00
UK,Finland,311,1393.45
France,Belgium,314,4417.38
France,Belgium,314,2064.25
France,Belgium,314,3286.14
France,Belgium,314,5539.94
France,Belgium,314,1593.67
France,Belgium,314,4080.00
France,Belgium,314,2866.20
France,Belgium,314,4698.80
France,Belgium,314,4123.31
France,Belgium,314,5293.50
France,Belgium,314,2404.05
France,Belgium,314,2271.06
France,Belgium,314,2270.16
France,Belgium,314,4025.28
France,Belgium,314,1386.00
France,Belgium,314,1636.95
France,Belgium,314,2428.44
France,Belgium,314,3646.00
France,Belgium,314,2323.88
France,Belgium,314,1898.84
France,Belgium,314,891.50
France,Belgium,314,1742.51
France,Belgium,314,2067.24
France,Belgium,314,1687.56
France,Belgium,314,2208.92
USA,USA,319,5806.50
USA,USA,319,3757.59
USA,USA,319,3951.85
USA,USA,319,7535.50
USA,USA,319,2390.52
USA,USA,319,1018.24
USA,USA,319,3257.54
USA,USA,319,1662.40
USA,USA,319,1947.99
USA,USA,319,4764.27
USA,USA,319,3922.58
USA,USA,319,3757.00
USA,USA,319,2212.65
USA,USA,319,1647.64
USA,USA,319,3086.67
USA,USA,319,3221.85
USA,USA,319,2494.00
USA,USA,319,3156.12
USA,USA,319,2397.36
USA,USA,319,2816.12
USA,USA,319,1743.23
USA,USA,319,1534.47
USA,USA,319,3106.25
USA,USA,319,3126.35
USA,USA,319,1663.20
USA,USA,319,2454.27
USA,USA,320,6530.72
USA,USA,320,4036.80
USA,USA,320,3244.84
USA,USA,320,3383.68
USA,USA,320,1720.17
USA,USA,320,1974.39
USA,USA,320,1716.72
USA,USA,320,1566.88
USA,USA,320,1186.94
USA,USA,320,3123.72
USA,USA,320,2282.80
USA,USA,320,2074.28
USA,USA,320,2151.09
USA,USA,320,1971.20
USA,USA,320,2215.10
USA,USA,320,1837.42
USA,USA,320,4101.93
USA,USA,320,4836.15
USA,USA,320,6324.01
USA,USA,320,3480.40
USA,USA,320,4644.71
USA,USA,320,4984.98
USA,USA,320,4125.19
USA,USA,320,3170.70
USA,USA,320,2745.60
USA,USA,320,937.20
USA,USA,320,1358.07
USA,USA,320,2390.40
USA,USA,320,2396.16
USA,USA,320,3669.29
USA,USA,320,2053.70
USA,USA,320,1330.00
USA,USA,320,3481.80
USA,USA,320,1818.52
USA,USA,320,3006.96
USA,USA,321,3986.15
USA,USA,321,3740.70
USA,USA,321,3749.24
USA,USA,321,7737.93
USA,USA,321,4979.52
USA,USA,321,1608.72
USA,USA,321,2162.16
USA,USA,321,1401.54
USA,USA,321,3233.75
USA,USA,321,1148.91
USA,USA,321,4571.20
USA,USA,321,4413.20
USA,USA,321,1813.86
USA,USA,321,2480.00
USA,USA,321,1859.32
USA,USA,321,1380.05
USA,USA,321,1995.02
USA,USA,321,2421.41
USA,USA,321,4191.84
USA,USA,321,2037.60
USA,USA,321,4091.90
USA,USA,321,1438.56
USA,USA,321,4299.70
USA,USA,321,7533.12
USA,USA,321,3373.89
USA,USA,321,1019.35
USA,USA,321,1676.14
USA,USA,321,1214.34
USA,USA,321,6557.76
USA,USA,321,5138.56
USA,USA,321,2651.40
USA,USA,321,5488.32
USA,USA,321,1240.00
USA,USA,321,2126.95
USA,USA,321,4112.30
USA,USA,321,2048.80
USA,USA,321,3262.00
USA,USA,321,4392.80
USA,USA,321,3200.12
USA,USA,321,3082.67
USA,USA,321,3479.98
Australia,"New Zealand",323,2880.00
Australia,"New Zealand",323,6747.30
Australia,"New Zealand",323,1983.24
Australia,"New Zealand",323,4222.18
Australia,"New Zealand",323,2753.66
Australia,"New Zealand",323,1796.10
Australia,"New Zealand",323,2273.92
Australia,"New Zealand",323,1384.64
Australia,"New Zealand",323,1097.44
Australia,"New Zealand",323,2648.02
Australia,"New Zealand",323,3681.81
Australia,"New Zealand",323,2912.28
Australia,"New Zealand",323,4984.77
Australia,"New Zealand",323,796.00
Australia,"New Zealand",323,3537.24
Australia,"New Zealand",323,1903.00
Australia,"New Zealand",323,7483.14
Australia,"New Zealand",323,4885.60
Australia,"New Zealand",323,4955.30
Australia,"New Zealand",323,2860.85
Australia,"New Zealand",323,1762.03
Australia,"New Zealand",323,2805.32
Australia,"New Zealand",323,1600.83
Australia,"New Zealand",323,1373.68
Australia,"New Zealand",323,2489.40
Australia,"New Zealand",323,2035.32
Australia,"New Zealand",323,1748.88
Australia,"New Zealand",323,5076.40
Australia,"New Zealand",323,3185.28
Australia,"New Zealand",323,2750.60
Australia,"New Zealand",323,3964.16
Australia,"New Zealand",323,3196.50
Australia,"New Zealand",323,1837.44
Australia,"New Zealand",323,3711.18
Australia,"New Zealand",323,2924.46
Australia,"New Zealand",323,3220.50
Australia,"New Zealand",323,1963.85
Australia,"New Zealand",323,1762.95
Australia,"New Zealand",323,10460.16
Australia,"New Zealand",323,4393.31
Australia,"New Zealand",323,5161.31
Australia,"New Zealand",323,6078.60
Australia,"New Zealand",323,3580.64
Australia,"New Zealand",323,5999.52
Australia,"New Zealand",323,2610.23
Australia,"New Zealand",323,3143.04
UK,UK,324,4084.08
UK,UK,324,5087.70
UK,UK,324,3338.63
UK,UK,324,3815.50
UK,UK,324,1818.77
UK,UK,324,3252.60
UK,UK,324,3786.30
UK,UK,324,2830.20
UK,UK,324,1415.36
UK,UK,324,3949.11
UK,UK,324,2834.52
UK,UK,324,4889.76
UK,UK,324,2441.55
UK,UK,324,4370.59
UK,UK,324,4837.24
UK,UK,324,3399.20
UK,UK,324,1190.66
UK,UK,324,1970.54
UK,UK,324,2543.00
UK,UK,324,1630.96
UK,UK,324,3398.64
UK,UK,324,5596.50
UK,UK,324,2096.20
UK,UK,324,1610.00
UK,UK,324,2048.96
UK,UK,324,2320.16
USA,USA,328,2832.40
USA,USA,328,2376.00
USA,USA,328,1970.26
USA,USA,328,5533.61
USA,USA,328,5076.28
USA,USA,328,7411.48
USA,USA,328,5958.38
USA,USA,328,2558.60
USA,USA,328,4564.50
USA,USA,328,3157.98
USA,USA,328,3326.52
USA,USA,328,3799.68
USA,USA,328,3428.36
USA,USA,328,4013.59
USA,USA,328,3881.20
USA,USA,328,2321.76
USA,USA,328,854.04
USA,USA,328,8391.20
USA,USA,328,2018.31
USA,USA,328,5667.20
USA,USA,328,2665.20
Australia,Australia,333,4121.95
Australia,Australia,333,1228.25
Australia,Australia,333,2584.51
Australia,Australia,333,1886.61
Australia,Australia,333,7067.58
Australia,Australia,333,4877.92
Australia,Australia,333,5208.00
Australia,Australia,333,4613.80
Australia,Australia,333,2169.23
Australia,Australia,333,4499.43
Australia,Australia,333,3493.60
Australia,Australia,333,3157.98
Australia,Australia,333,1066.12
Australia,Australia,333,4282.60
Australia,Australia,333,4932.58
UK,Finland,334,2413.95
UK,Finland,334,6257.94
UK,Finland,334,4845.23
UK,Finland,334,4893.96
UK,Finland,334,1017.20
UK,Finland,334,675.78
UK,Finland,334,4163.60
UK,Finland,334,1272.72
UK,Finland,334,4176.48
UK,Finland,334,8594.52
UK,Finland,334,3512.50
UK,Finland,334,4531.41
UK,Finland,334,6893.76
UK,Finland,334,2336.40
UK,Finland,334,2525.95
UK,Finland,334,5971.35
UK,Finland,334,3633.58
UK,Finland,334,2333.42
UK,Finland,334,4767.44
UK,Finland,334,1355.20
UK,Finland,334,3180.90
UK,Finland,334,2998.56
UK,Finland,334,1671.04
UK,Finland,334,3458.00
UK,Finland,334,1471.68
UK,Finland,334,2412.30
UK,Finland,334,1093.05
UK,Finland,334,3526.25
UK,Finland,334,3267.57
UK,Finland,334,4645.00
USA,USA,339,4140.23
USA,USA,339,3557.68
USA,USA,339,4706.80
USA,USA,339,2278.50
USA,USA,339,3373.66
USA,USA,339,1997.58
USA,USA,339,1981.32
USA,USA,339,2491.86
USA,USA,339,1690.40
USA,USA,339,3845.07
USA,USA,339,2565.64
USA,USA,339,1977.54
USA,USA,339,2603.04
USA,USA,339,5288.79
USA,USA,339,2213.40
USA,USA,339,4421.28
USA,USA,339,1455.75
USA,USA,339,1417.68
USA,USA,339,1660.34
USA,USA,339,2769.98
USA,USA,339,1502.80
France,Spain,344,2607.51
France,Spain,344,2690.33
France,Spain,344,2887.50
France,Spain,344,5776.00
France,Spain,344,3584.70
France,Spain,344,1408.08
France,Spain,344,2416.45
France,Spain,344,2058.56
France,Spain,344,3878.60
France,Spain,344,2002.08
France,Spain,344,2118.40
France,Spain,344,8116.50
France,Spain,344,7206.43
USA,USA,347,4429.80
USA,USA,347,4664.00
USA,USA,347,2691.92
USA,USA,347,2811.00
USA,USA,347,1284.78
USA,USA,347,4571.00
USA,USA,347,5038.80
USA,USA,347,2312.24
USA,USA,347,1948.00
USA,USA,347,2857.35
USA,USA,347,2035.80
USA,USA,347,1752.74
USA,USA,347,2987.16
USA,USA,347,2121.60
France,France,350,6537.72
France,France,350,4215.04
France,France,350,2094.08
France,France,350,2096.00
France,France,350,3898.10
France,France,350,2681.91
France,France,350,3527.80
France,France,350,3429.25
France,France,350,1452.15
France,France,350,2808.96
France,France,350,2067.10
France,France,350,4082.96
France,France,350,1354.86
France,France,350,1727.88
France,France,350,5857.46
France,France,350,1945.90
France,France,350,1047.49
France,France,350,7573.50
France,France,350,1961.60
France,France,350,3546.90
France,France,350,1700.79
France,France,350,1778.92
France,France,350,1769.00
France,France,350,557.60
France,France,350,1834.56
France,France,353,2928.42
France,France,353,6326.00
France,France,353,1861.76
France,France,353,2398.25
France,France,353,3186.04
France,France,353,5092.12
France,France,353,4102.56
France,France,353,3679.08
France,France,353,1046.50
France,France,353,3942.36
France,France,353,2970.00
France,France,353,5594.60
France,France,353,1209.06
France,France,353,2304.00
France,France,353,1084.89
France,France,353,5875.20
France,France,353,7593.18
France,France,353,7969.36
France,France,353,2394.04
France,France,353,1636.20
France,France,353,1367.08
France,France,353,4579.30
France,France,353,1186.25
France,France,353,4319.04
France,France,353,2814.86
France,France,353,1975.12
France,France,353,4144.95
France,France,353,4328.81
France,France,353,1688.12
France,France,353,2079.10
France,France,353,2322.24
France,France,353,2966.85
France,France,353,1331.88
France,France,353,1903.16
France,France,353,3691.85
France,France,353,2704.68
France,France,353,2171.84
France,France,353,2346.92
France,France,353,2227.20
France,France,353,2238.84
France,France,353,1401.48
Australia,"New Zealand",357,1659.90
Australia,"New Zealand",357,5374.57
Australia,"New Zealand",357,2805.00
Australia,"New Zealand",357,3759.00
Australia,"New Zealand",357,901.53
Australia,"New Zealand",357,2530.84
Australia,"New Zealand",357,3189.20
Australia,"New Zealand",357,8316.34
Australia,"New Zealand",357,4215.00
Australia,"New Zealand",357,7460.64
Australia,"New Zealand",357,3890.24
Australia,"New Zealand",357,2690.33
Australia,"New Zealand",357,3171.24
Australia,"New Zealand",357,2693.30
Australia,"New Zealand",357,1493.10
Australia,"New Zealand",357,1181.04
Australia,"New Zealand",357,2658.15
Australia,"New Zealand",357,6477.90
Australia,"New Zealand",357,2253.24
Australia,"New Zealand",357,8127.28
Australia,"New Zealand",357,4380.87
Australia,"New Zealand",357,2648.41
Australia,"New Zealand",357,2883.88
Australia,"New Zealand",357,3579.40
Australia,"New Zealand",357,1319.36
Australia,"New Zealand",357,4772.00
USA,USA,362,2805.12
USA,USA,362,2499.80
USA,USA,362,2280.68
USA,USA,362,3533.46
USA,USA,362,780.40
USA,USA,362,3400.34
USA,USA,362,3173.91
USA,USA,362,3264.00
USA,USA,362,3867.68
USA,USA,362,1612.00
USA,USA,362,3148.64
USA,USA,362,3167.44
USA,USA,362,5597.76
USA,USA,362,3406.48
USA,USA,362,5263.99
USA,USA,362,4114.08
USA,USA,362,4669.28
USA,USA,362,4650.02
USA,USA,362,4354.80
USA,USA,362,3720.96
USA,USA,362,2294.00
USA,USA,362,2532.32
USA,USA,362,1904.64
USA,USA,362,2355.92
USA,USA,362,3376.40
USA,USA,362,2566.20
USA,USA,363,4080.00
USA,USA,363,2754.50
USA,USA,363,1660.12
USA,USA,363,1729.21
USA,USA,363,2674.08
USA,USA,363,3082.64
USA,USA,363,2923.20
USA,USA,363,3187.80
USA,USA,363,6017.41
USA,USA,363,4213.44
USA,USA,363,3566.42
USA,USA,363,5658.30
USA,USA,363,2664.74
USA,USA,363,2317.10
USA,USA,363,3971.18
USA,USA,363,2593.02
USA,USA,363,996.90
USA,USA,363,2218.88
USA,USA,363,4285.36
USA,USA,363,5055.30
USA,USA,363,7200.40
USA,USA,363,6524.18
USA,USA,363,3690.09
USA,USA,363,2233.00
USA,USA,363,3976.21
USA,USA,363,1812.61
USA,USA,363,6038.50
USA,USA,363,1999.20
USA,USA,363,5710.68
USA,USA,363,3309.90
USA,USA,363,2227.94
USA,USA,363,4322.88
USA,USA,363,531.00
USA,USA,363,1223.10
USA,USA,379,7751.52
USA,USA,379,3422.09
USA,USA,379,1558.41
USA,USA,379,3230.37
USA,USA,379,1841.84
USA,USA,379,2692.08
USA,USA,379,4785.95
USA,USA,379,830.75
USA,USA,379,1469.40
USA,USA,379,2842.34
USA,USA,379,2255.56
USA,USA,379,5301.71
USA,USA,379,2274.40
USA,USA,379,1562.16
USA,USA,379,1803.12
USA,USA,379,1589.12
USA,USA,379,7995.41
USA,USA,379,3932.72
USA,USA,379,1483.52
USA,USA,379,4212.60
USA,USA,379,1451.52
USA,USA,379,1891.26
USA,USA,379,3616.20
USA,USA,379,3739.60
France,Belgium,381,1627.56
France,Belgium,381,1128.20
France,Belgium,381,5624.79
France,Belgium,381,2264.08
France,Belgium,381,4192.65
France,Belgium,381,3966.10
France,Belgium,381,5174.40
France,Belgium,381,5239.40
France,Austria,382,5192.48
France,Austria,382,6509.34
France,Austria,382,1571.64
France,Austria,382,2572.56
France,Austria,382,2640.40
France,Austria,382,2540.30
France,Austria,382,1262.40
France,Austria,382,2876.30
France,Austria,382,1738.80
France,Austria,382,1433.50
France,Austria,382,2152.67
France,Austria,382,2554.36
France,Austria,382,1655.42
France,Austria,382,1126.16
France,Austria,382,1838.72
France,Austria,382,4581.12
France,Austria,382,3453.02
France,Austria,382,8667.90
France,Austria,382,6627.50
France,Austria,382,4909.08
France,Austria,382,2786.76
France,Austria,382,6017.00
France,Austria,382,2016.96
France,Austria,382,2973.83
France,Austria,382,2968.18
France,Austria,382,2393.60
France,Austria,382,2194.80
France,Austria,382,1115.70
France,Austria,382,2197.76
France,Austria,382,3169.28
France,Austria,382,4464.24
France,Austria,382,3729.60
France,Austria,382,2642.64
France,Austria,382,4546.48
France,Austria,382,6388.80
France,Austria,382,5808.25
France,Austria,382,4920.92
France,Austria,382,481.50
France,Austria,382,2896.30
France,Austria,382,7863.80
Japan,Philippines,385,5457.54
Japan,Philippines,385,4333.50
Japan,Philippines,385,2956.59
Japan,Philippines,385,3855.60
Japan,Philippines,385,2574.88
Japan,Philippines,385,1902.42
Japan,Philippines,385,3836.41
Japan,Philippines,385,2272.12
Japan,Philippines,385,6154.28
Japan,Philippines,385,2254.35
Japan,Philippines,385,1800.30
Japan,Philippines,385,5280.00
Japan,Philippines,385,2080.10
Japan,Philippines,385,977.67
Japan,Philippines,385,2720.56
Japan,Philippines,385,2544.90
Japan,Philippines,385,6292.02
Japan,Philippines,385,2926.56
Japan,Philippines,385,1668.87
Japan,Philippines,385,2816.93
Japan,Philippines,385,3978.66
Japan,Philippines,385,2961.20
Japan,Philippines,385,5057.90
Japan,Philippines,385,1712.74
Japan,Philippines,385,6696.00
Japan,Philippines,385,2356.20
France,Italy,386,5485.92
France,Italy,386,6816.88
France,Italy,386,8045.50
France,Italy,386,2783.40
France,Italy,386,5067.00
France,Italy,386,1498.23
France,Italy,386,2949.88
France,Italy,386,1367.08
France,Italy,386,2529.08
France,Italy,386,1981.32
France,Italy,386,8304.12
France,Italy,386,2428.58
France,Italy,386,2374.05
France,Italy,386,4514.40
France,Italy,386,2764.23
France,Italy,386,3583.80
France,Italy,386,2541.00
France,Italy,386,6831.09
France,Italy,386,2270.40
France,Italy,386,3977.93
France,Italy,386,4195.95
France,Italy,386,1127.00
France,Italy,386,1194.08
France,Italy,386,2647.51
France,Italy,386,2864.88
France,Italy,386,3103.44
France,Italy,386,1064.40
France,Italy,386,4268.54
France,Italy,386,1998.72
France,Italy,386,1166.94
France,Italy,386,3373.44
France,Italy,386,3910.50
France,Italy,386,1770.60
France,Italy,386,1469.27
France,Italy,386,2037.80
France,Italy,386,1864.72
France,Italy,386,4037.68
France,Italy,386,2558.40
France,Italy,386,2737.81
Japan,Japan,398,5691.84
Japan,Japan,398,5491.54
Japan,Japan,398,4639.97
Japan,Japan,398,1046.01
Japan,Japan,398,1254.00
Japan,Japan,398,3914.55
Japan,Japan,398,4710.00
Japan,Japan,398,6948.63
Japan,Japan,398,2144.07
Japan,Japan,398,1453.80
Japan,Japan,398,2616.84
Japan,Japan,398,2228.94
Japan,Japan,398,3730.10
Japan,Japan,398,4040.30
Japan,Japan,398,1677.94
Japan,Japan,398,3064.32
Japan,Japan,398,2579.40
Japan,Japan,398,1173.48
Japan,Japan,398,4779.50
Japan,Japan,398,3108.00
Japan,Japan,398,3331.50
Japan,Japan,398,1340.82
Japan,Japan,398,5862.00
Japan,Japan,398,4765.10
Japan,Japan,398,3671.64
Japan,Japan,398,2294.00
Japan,Japan,398,5721.60
Japan,Japan,398,3238.59
Japan,Japan,398,3774.00
Japan,Japan,398,1363.68
Japan,Japan,398,3277.12
Japan,Japan,398,615.45
France,France,406,3727.72
France,France,406,7020.02
France,France,406,4554.72
France,France,406,2234.40
France,France,406,2560.95
France,France,406,3868.76
France,France,406,2773.80
France,France,406,6100.80
France,France,406,2733.00
France,France,406,1308.93
France,France,406,2527.68
France,France,406,1778.48
France,France,406,1633.03
France,France,406,3511.67
France,France,406,2831.20
France,France,406,1495.60
France,France,406,5966.32
France,France,406,1561.16
France,France,406,3327.22
France,France,406,2962.41
France,France,406,2641.76
France,France,406,1303.56
France,France,406,2347.25
France,France,406,3475.68
France,France,406,5352.30
France,France,406,3198.25
France,France,406,3640.30
Australia,"New Zealand",412,5679.36
Australia,"New Zealand",412,7332.50
Australia,"New Zealand",412,4046.40
Australia,"New Zealand",412,3344.25
Australia,"New Zealand",412,2954.16
Australia,"New Zealand",412,1627.25
Australia,"New Zealand",412,2443.73
Australia,"New Zealand",412,2415.12
Australia,"New Zealand",412,1827.60
Australia,"New Zealand",412,4581.01
Australia,"New Zealand",412,1191.32
Australia,"New Zealand",412,5606.60
Australia,"New Zealand",412,1876.74
Australia,"New Zealand",412,6229.50
Australia,"New Zealand",412,5197.50
Australia,"New Zealand",412,3752.97
Australia,"New Zealand",412,2963.45
Australia,"New Zealand",412,1051.38
Australia,"New Zealand",412,1451.60
Australia,"New Zealand",412,1132.50
Australia,"New Zealand",412,1132.16
Australia,"New Zealand",412,3770.28
Australia,"New Zealand",412,1866.81
Australia,"New Zealand",412,3374.84
Australia,"New Zealand",412,3349.32
Australia,"New Zealand",412,662.90
Australia,"New Zealand",412,1574.23
Australia,"New Zealand",412,5000.50
Australia,"New Zealand",412,2896.40
UK,Germany,415,5279.40
UK,Germany,415,1463.28
UK,Germany,415,2329.14
UK,Germany,415,1280.37
UK,Germany,415,1977.18
UK,Germany,415,1826.44
UK,Germany,415,2030.72
UK,Germany,415,1066.52
UK,Germany,415,3184.02
UK,Germany,415,3046.74
UK,Germany,415,2321.52
UK,Germany,415,1636.80
UK,Germany,415,2887.68
UK,Germany,415,980.28
USA,USA,424,5123.94
USA,USA,424,6477.26
USA,USA,424,2662.08
USA,USA,424,4683.80
USA,USA,424,2718.90
USA,USA,424,4455.36
USA,USA,424,3140.61
USA,USA,424,2878.08
USA,USA,424,4063.20
USA,USA,424,3455.48
USA,USA,424,4049.64
USA,USA,424,3298.00
USA,USA,424,5067.00
USA,USA,424,2214.44
USA,USA,424,3456.80
USA,USA,424,1144.08
USA,USA,424,2650.32
USA,USA,424,2608.34
USA,USA,424,3003.12
USA,USA,424,2063.88
USA,USA,447,2980.32
USA,USA,447,2133.95
USA,USA,447,1525.40
USA,USA,447,2729.50
USA,USA,447,1692.68
USA,USA,447,3470.40
USA,USA,447,1655.42
USA,USA,447,844.62
USA,USA,447,2834.10
USA,USA,447,3797.26
USA,USA,447,1938.87
USA,USA,447,3002.44
USA,USA,447,2434.25
USA,USA,447,3997.40
USA,USA,447,2724.00
USA,USA,447,1431.20
USA,USA,447,2849.73
USA,USA,447,4727.04
USA,USA,447,3199.20
UK,Sweden,448,5445.44
UK,Sweden,448,6102.56
UK,Sweden,448,3205.28
UK,Sweden,448,2879.80
UK,Sweden,448,3649.80
UK,Sweden,448,1151.01
UK,Sweden,448,1540.00
UK,Sweden,448,2062.08
UK,Sweden,448,2140.20
UK,Sweden,448,2838.00
UK,Sweden,448,2546.20
UK,Sweden,448,2859.36
UK,Sweden,448,2043.36
UK,Sweden,448,2335.76
UK,Sweden,448,1708.40
UK,Sweden,448,1659.84
UK,Sweden,448,7770.37
UK,Sweden,448,4254.90
UK,Sweden,448,5043.00
UK,Sweden,448,3970.44
UK,Sweden,448,1358.76
UK,Sweden,448,4666.16
UK,Sweden,448,2079.77
UK,Sweden,448,2143.60
UK,Sweden,448,4649.28
UK,Sweden,448,1313.12
UK,Sweden,448,5275.20
UK,Sweden,448,2153.58
UK,Sweden,448,1696.00
UK,Sweden,448,2435.72
UK,Sweden,448,4755.40
UK,Sweden,448,2378.25
UK,Sweden,448,2757.96
UK,Sweden,448,4817.03
UK,Sweden,448,3131.59
UK,Sweden,448,2031.51
UK,Sweden,448,5071.50
UK,Sweden,448,3023.30
USA,USA,450,6670.35
USA,USA,450,2280.96
USA,USA,450,2951.20
USA,USA,450,2023.04
USA,USA,450,2456.80
USA,USA,450,2680.65
USA,USA,450,3096.59
USA,USA,450,3130.00
USA,USA,450,1319.76
USA,USA,450,2831.54
USA,USA,450,3176.25
USA,USA,450,4333.12
USA,USA,450,3344.00
USA,USA,450,2503.82
USA,USA,450,4609.50
USA,USA,450,2907.66
USA,USA,450,3099.86
USA,USA,450,2373.02
USA,USA,450,3763.26
USA,USA,450,8616.96
USA,USA,450,4396.54
USA,USA,450,2245.20
USA,USA,450,5157.94
USA,USA,450,1331.76
USA,USA,450,2248.84
USA,USA,450,3134.88
USA,USA,450,3789.02
USA,USA,450,834.20
USA,USA,450,6754.32
USA,USA,450,10723.60
USA,USA,450,2441.04
USA,USA,450,5412.00
USA,USA,450,546.66
USA,USA,450,4233.24
USA,USA,450,1777.10
USA,USA,450,2929.92
USA,USA,450,6215.28
USA,USA,450,5820.35
USA,USA,450,1001.65
USA,USA,450,4374.39
France,Austria,452,3009.51
France,Austria,452,5960.36
France,Austria,452,3738.24
France,Austria,452,4849.20
France,Austria,452,1157.25
France,Austria,452,2195.76
France,Austria,452,2818.97
France,Austria,452,3392.61
France,Austria,452,5464.69
France,Austria,452,3824.48
France,Austria,452,1401.40
France,Austria,452,4440.40
France,Austria,452,2264.77
France,Austria,452,3006.43
France,Austria,452,3535.92
USA,USA,455,9571.08
USA,USA,455,3625.92
USA,USA,455,5588.66
USA,USA,455,6224.47
USA,USA,455,2858.80
USA,USA,455,3412.53
USA,USA,455,2613.72
USA,USA,455,4244.00
USA,USA,455,6630.34
USA,USA,455,4136.72
USA,USA,455,4570.26
USA,USA,455,3315.86
USA,USA,455,2339.19
USA,USA,455,2196.00
USA,USA,455,3028.82
USA,USA,455,2417.36
USA,USA,455,3604.92
USA,USA,456,1679.92
USA,USA,456,4021.50
USA,USA,456,3550.74
USA,USA,456,2407.24
USA,USA,456,5423.85
USA,USA,456,2039.80
USA,USA,456,3371.63
USA,USA,456,1015.00
USA,USA,456,2132.90
USA,USA,456,3587.85
France,Spain,458,7817.74
France,Spain,458,2697.64
France,Spain,458,2841.30
France,Spain,458,4433.46
France,Spain,458,2150.82
France,Spain,458,2195.15
France,Spain,458,2889.51
France,Spain,458,2844.64
France,Spain,458,2796.00
France,Spain,458,3581.50
France,Spain,458,5146.00
France,Spain,458,2033.47
France,Spain,458,3312.36
France,Spain,458,2847.84
France,Spain,458,3561.69
France,Spain,458,1613.30
France,Spain,458,4369.50
France,Spain,458,4998.00
France,Spain,458,1118.88
France,Spain,458,3398.22
France,Spain,458,8353.00
France,Spain,458,643.80
France,Spain,458,1953.63
France,Spain,458,1697.08
France,Spain,458,9974.40
France,Spain,458,5751.39
France,Spain,458,1269.33
France,Spain,458,3971.58
France,Spain,458,3228.42
France,Spain,458,3802.26
France,Spain,458,1943.70
France,Spain,458,3204.48
USA,USA,462,5873.37
USA,USA,462,1894.10
USA,USA,462,2210.38
USA,USA,462,2542.80
USA,USA,462,5048.74
USA,USA,462,5311.24
USA,USA,462,2735.04
USA,USA,462,3556.25
USA,USA,462,3421.44
USA,USA,462,5420.58
USA,USA,462,3876.60
USA,USA,462,2050.50
USA,USA,462,2052.48
USA,USA,462,2235.30
USA,USA,462,1173.64
USA,USA,462,3171.87
USA,USA,462,2181.27
USA,USA,462,3578.12
USA,USA,462,3376.38
USA,USA,462,5947.00
USA,USA,462,3294.06
USA,USA,462,5500.44
USA,USA,462,2046.45
USA,USA,462,1107.54
USA,USA,462,3445.40
USA,USA,462,5576.50
Australia,Australia,471,2589.16
Australia,Australia,471,2132.56
Australia,Australia,471,3213.00
Australia,Australia,471,2542.68
Australia,Australia,471,5090.36
Australia,Australia,471,3155.68
Australia,Australia,471,2439.64
Australia,Australia,471,1274.16
Australia,Australia,471,2239.97
Australia,Australia,471,2539.84
Australia,Australia,471,2208.72
Australia,Australia,471,1657.00
Australia,Australia,471,836.94
Australia,Australia,471,896.00
Australia,Australia,471,839.52
Australia,Australia,471,1850.40
Australia,Australia,471,3365.10
Australia,Australia,471,6050.03
Australia,Australia,471,4427.31
Australia,Australia,471,1280.37
Australia,Australia,471,1076.94
Australia,Australia,471,2346.24
Australia,Australia,471,1814.40
France,Italy,473,2285.91
France,Italy,473,3588.80
France,Italy,473,2199.45
France,Italy,473,2852.94
France,Italy,473,1579.48
France,Italy,473,5239.68
France,Italy,473,2430.12
France,Italy,473,5181.94
USA,USA,475,1101.13
USA,USA,475,3901.92
USA,USA,475,2675.20
USA,USA,475,7200.55
USA,USA,475,4615.64
USA,USA,475,2496.69
USA,USA,475,1779.03
USA,USA,475,4765.74
USA,USA,475,1742.51
USA,USA,475,4361.49
USA,USA,475,3457.53
USA,USA,475,1966.96
USA,USA,475,3684.33
France,Spain,484,3902.39
France,Spain,484,6703.12
France,Spain,484,5476.30
France,Spain,484,2673.88
France,Spain,484,4646.60
France,Spain,484,1773.82
France,Spain,484,2821.68
France,Spain,484,1262.52
France,Spain,484,5621.77
France,Spain,484,3898.50
France,Spain,484,1732.17
France,Spain,484,2833.44
France,Spain,484,4167.00
France,Spain,484,2617.86
France,Spain,484,856.80
USA,USA,486,3054.48
USA,USA,486,5243.24
USA,USA,486,3294.72
USA,USA,486,7400.02
USA,USA,486,5909.78
USA,USA,486,930.90
USA,USA,486,2328.92
USA,USA,486,1212.10
USA,USA,486,2358.36
USA,USA,486,5534.26
USA,USA,486,4380.20
USA,USA,486,6806.80
USA,USA,486,4054.20
USA,USA,486,3397.68
USA,USA,486,4572.18
USA,USA,486,3452.80
USA,USA,486,999.00
USA,USA,486,1377.75
USA,USA,486,2919.63
USA,USA,486,2883.53
USA,USA,486,934.92
USA,USA,486,3200.32
USA,USA,486,1480.80
USA,USA,487,4366.50
USA,USA,487,1455.60
USA,USA,487,5317.60
USA,USA,487,1220.40
USA,USA,487,4153.38
USA,USA,487,3842.38
USA,USA,487,3750.18
USA,USA,487,1123.20
USA,USA,487,1953.63
USA,USA,487,1002.82
USA,USA,487,1811.40
USA,USA,487,4550.40
USA,USA,487,5702.66
USA,USA,487,653.52
USA,USA,487,1666.70
UK,UK,489,2828.80
UK,UK,489,4390.08
UK,UK,489,2339.84
UK,UK,489,4529.16
UK,UK,489,1326.38
UK,UK,489,1256.43
UK,UK,489,2475.72
UK,UK,489,1933.44
UK,UK,489,1195.88
UK,UK,489,3217.46
UK,UK,489,1461.00
UK,UK,489,2631.96
USA,USA,495,3892.98
USA,USA,495,3263.66
USA,USA,495,6195.64
USA,USA,495,4696.89
USA,USA,495,2248.49
USA,USA,495,3513.75
USA,USA,495,5744.80
USA,USA,495,5633.89
USA,USA,495,2832.20
USA,USA,495,5878.34
USA,USA,495,1291.92
USA,USA,495,3046.96
USA,USA,495,4152.75
USA,USA,495,1402.65
USA,USA,495,2488.50
USA,USA,495,2981.72
USA,USA,495,5257.89
USA,USA,495,1018.71
Australia,"New Zealand",496,4936.80
Australia,"New Zealand",496,1132.12
Australia,"New Zealand",496,4347.96
Australia,"New Zealand",496,3720.05
Australia,"New Zealand",496,1491.78
Australia,"New Zealand",496,2678.85
Australia,"New Zealand",496,730.18
Australia,"New Zealand",496,1271.49
Australia,"New Zealand",496,2060.80
Australia,"New Zealand",496,2889.00
Australia,"New Zealand",496,3775.45
Australia,"New Zealand",496,2091.18
Australia,"New Zealand",496,951.78
Australia,"New Zealand",496,1986.96
Australia,"New Zealand",496,4936.88
Australia,"New Zealand",496,1799.55
Australia,"New Zealand",496,3910.50
Australia,"New Zealand",496,1535.28
Australia,"New Zealand",496,1468.80
Australia,"New Zealand",496,1743.63
Australia,"New Zealand",496,2462.00
Australia,"New Zealand",496,3120.00
Australia,"New Zealand",496,6307.50
Australia,"New Zealand",496,2805.63
Australia,"New Zealand",496,3284.40
Australia,"New Zealand",496,3564.97
Australia,"New Zealand",496,2748.91
Australia,"New Zealand",496,4065.60
Australia,"New Zealand",496,3054.40
Australia,"New Zealand",496,2335.08
Australia,"New Zealand",496,3123.87
Australia,"New Zealand",496,2719.01
Australia,"New Zealand",496,2549.16
Australia,"New Zealand",496,1734.26
Australia,"New Zealand",496,2069.44
Australia,"New Zealand",496,2251.86
Australia,"New Zealand",496,2103.30
Australia,"New Zealand",496,2909.90
Australia,"New Zealand",496,2863.16
Australia,"New Zealand",496,1675.55
Australia,"New Zealand",496,3100.80
Australia,"New Zealand",496,5095.41
Australia,"New Zealand",496,3450.92
Australia,"New Zealand",496,3581.79
Australia,"New Zealand",496,1544.40
Australia,"New Zealand",496,5974.17
Australia,"New Zealand",496,4373.78
Australia,"New Zealand",496,3132.48
